Name,Email,Labels,Date,Source,State,Gender,Position,Institution
Savio Torres de Farias,stfarias@yahoo.com.br,Profissional;Grupo SBBE Group member,27/8/2026,Site Members,PB,Masculino,Profissional,Universidade Federal da Paraíba
Valeria da Cunha Tavares,val.c.tavares@gmail.com,Profissional;Grupo SBBE Group member,18/7/2026,Site Members,PA,Feminino,Profissional,Instituto Tecnológico Vale
Rafael Roefero Marques da Silva,rafaelroefero@gmail.com,Graduacao;Grupo SBBE Group member,15/7/2026,Site Members,SP,Masculino,Graduação,Universidade Federal de São Carlos
Fabio Di Dario,didario@gmail.com,Profissional;Grupo SBBE Group member,15/7/2026,Site Members,RJ,Masculino,Profissional,Universidade Federal do Rio de Janeiro
Lucas Oliveira Mello,lucasmellounicamp@gmail.com,Pos-Graduacao;Grupo SBBE Group member,14/7/2026,Site Members,SP,Masculino,Pós-Graduação,Universidade Estadual de Campinas
Natalia Maritza Ladino López,nmladino@gmail.com,Profissional;Grupo SBBE Group member,30/6/2026,Site Members,RS,Feminino,Profissional,Universidade Federal de Pelotas
Isabela Laporaes,isabelasantosc22@gmail.com,Graduacao;Grupo SBBE Group member,30/6/2026,Site Members,MG,Feminino,Graduação,Pontifícia Universidade Católica de Minas Gerais
André Luís da Silva Zani,zani.andre@yahoo.com.br,Pos-Graduacao;Grupo SBBE Group member,23/6/2026,Site Members,RS,Masculino,Pós-Graduação,Universidade Federal do Rio Grande do Sul
Cauã David Aragão Cunha,caua.aragao@unesp.br,Graduacao;Grupo SBBE Group member,18/6/2026,Site Members,SP,Masculino,Graduação,Universidade Estadual Paulista
Bryan André de Lima Egli,bryan.lima.127@ufrn.edu.br,Graduacao;Grupo SBBE Group member,17/6/2026,Site Members,RN,Masculino,Graduação,Universidade Federal do Rio Grande do Norte
Adriano Terra da Roza,adrianoterraa@gmail.com,Pos-Graduacao;Grupo SBBE Group member,6/6/2026,Site Members,RS,Masculino,Pós-Graduação,Universidade Federal do Rio Grande
João Pedro Bezerra Carvalho,joao.bezerra.ismart@gmail.com,Pos-Graduacao;Grupo SBBE Group member,4/6/2026,Site Members,RJ,Masculino,Pós-Graduação,Fundação Oswaldo Cruz — Rio de Janeiro
Pedro Henrique Castro Aguiar,pedro.castro.aguiar10@gmail.com,Pos-Graduacao;Grupo SBBE Group member,3/6/2026,Site Members,MG,Masculino,Pós-Graduação,Universidade Federal de Minas Gerais
Nicole Riatto Victor,nriattovictor@gmail.com,Pos-Graduacao;Grupo SBBE Group member,3/6/2026,Site Members,SP,Feminino,Pós-Graduação,Universidade Estadual de Campinas
Carlos Cristiano Simões Ferreira e Penha,paracristianosf@gmail.com,Pos-Graduacao;Grupo SBBE Group member,3/6/2026,Site Members,SP,Masculino,Pós-Graduação,Universidade de São Paulo
Thieres Tayroni Martins da Silva,thierestayroni@gmail.com,Pos-Graduacao;Grupo SBBE Group member,1/6/2026,Site Members,MG,Masculino,Pós-Graduação,Universidade Federal de Minas Gerais
Valéria Silva Santos,santos.val.silva@gmail.com,Pos-Graduacao;Grupo SBBE Group member,31/5/2026,Site Members,AM,Feminino,Pós-Graduação,Fundação Oswaldo Cruz — Amazônia
Joana Figueiredo Morais,joana.morais@usp.br,Pos-Graduacao;Grupo SBBE Group member,31/5/2026,Site Members,SP,Feminino,Pós-Graduação,Universidade de São Paulo
Alice Mattedi Weneck Silva,alicemattedi@hotmail.com,Pos-Graduacao;Grupo SBBE Group member,30/5/2026,Site Members,BA,Feminino,Pós-Graduação,Universidade Federal da Bahia
Kauan Bassetto dos Santos,kabassettosantos@gmail.com,Pos-Graduacao;Grupo SBBE Group member,29/5/2026,Site Members,SC,Masculino,Pós-Graduação,Universidade Federal de Santa Catarina
Denis Calandriello Calio,denis.calan@gmail.com,Pos-Graduacao;Grupo SBBE Group member,26/5/2026,Site Members,SP,Masculino,Pós-Graduação,Universidade de São Paulo
Helena Mattiazzo Milanez,helena.mattiazzo@gmail.com,Pos-Graduacao;Grupo SBBE Group member,25/5/2026,Site Members,SP,Feminino,Pós-Graduação,Universidade Estadual de Campinas
Otavio Henrique Thiemann,thiemann@ifsc.usp.br,Profissional;Grupo SBBE Group member,18/5/2026,Site Members,SP,Masculino,Profissional,Universidade de São Paulo
Giovana Lima da Rocha,giovanalima2001@gmail.com,Graduacao;Grupo SBBE Group member,17/5/2026,Site Members,DF,Feminino,Graduação,Universidade de Brasília
Angelo Maurício Nunes Ferreira,kibigui@gmail.com,Graduacao;Grupo SBBE Group member,14/5/2026,Site Members,BA,Outro,Pós-Graduação,Universidade Estadual do Sudoeste da Bahia
Salu Coelho da Silva,salu.coelho@gmail.com,Pos-Graduacao;Grupo SBBE Group member,14/5/2026,Site Members,RN,Masculino,Pós-Graduação,Universidade Federal do Rio Grande do Norte
Dener Soares Da Costa Junior,denerdacosta12@gmail.com,Pos-Graduacao;Grupo SBBE Group member,6/5/2026,Site Members,RJ,Outro,Pós-Graduação,Universidade Federal do Rio de Janeiro
Daniel Buchholz,danielbuchholz16@gmail.com,Pos-Graduacao;Grupo SBBE Group member,1/5/2026,Site Members,RS,Masculino,Pós-Graduação,Universidade Federal da Fronteira Sul
Lucas Alexandre de Souza Costa,lucas.costa.18@hotmail.com,Profissional;Grupo SBBE Group member,1/5/2026,Site Members,SP,Masculino,Profissional,Universidade Estadual de Campinas
Ana Carolina Martins Katayama Braga,anacarolinakatayama@gmail.com,Graduacao;Grupo SBBE Group member,29/4/2026,Site Members,MG,Feminino,Graduação,Universidade Federal de Itajubá
Fernando de Faria Franco,franco@ufscar.br,Profissional;Grupo SBBE Group member,29/4/2026,Site Members,SP,Masculino,Profissional,Universidade Federal de São Carlos
Jefferson Wallacy da Silva,jeffersonsilva.sousa321@gmail.com,Graduacao;Grupo SBBE Group member,29/4/2026,Site Members,MG,Masculino,Graduação,Universidade Federal de Itajubá
Alice Rangel Bustamante,d2025006803@unifei.edu.br,Graduacao;Grupo SBBE Group member,28/4/2026,Site Members,MG,Feminino,Graduação,Universidade Federal de Itajubá
Iara Freitas Lopes,iaraflopes@ufsj.edu.br,Profissional;Grupo SBBE Group member,28/4/2026,Site Members,MG,Feminino,Profissional,Universidade Federal de São João del-Rei
Renato Caparroz,renatocz@yahoo.com.br,Profissional;Grupo SBBE Group member,28/4/2026,Site Members,DF,Masculino,Profissional,Universidade de Brasília
Lilian Madi Ravazzi,lilian.madi@unesp.br,Profissional;Grupo SBBE Group member,26/4/2026,Site Members,SP,Feminino,Profissional,Universidade Estadual Paulista
Geraldo Roberto Moreita Junior,grmjunior@ymail.com,Graduacao;Grupo SBBE Group member,22/4/2026,Site Members,SP,Masculino,Graduação,Centro Universitário UNIFATECIE
Lucas Bassinello,lucas.bassinello@hotmail.com,Pos-Graduacao;Grupo SBBE Group member,16/4/2026,Site Members,MG,Masculino,Pós-Graduação,Universidade Federal de Minas Gerais
Natasha Avila Bertocchi,bertocchinatasha@gmail.com,Profissional;Grupo SBBE Group member,16/4/2026,Site Members,RJ,Feminino,Profissional,Fundação Oswaldo Cruz — Rio de Janeiro
Viviane Roza Lima,vivianeroza@yahoo.com.br,Graduacao;Grupo SBBE Group member,16/4/2026,Site Members,PR,Feminino,Graduação,Universidade Federal do Paraná
Lara Cunha Mello Martins,laracmmartinsufmg@gmail.com,Graduacao;Grupo SBBE Group member,15/4/2026,Site Members,MG,Feminino,Graduação,Universidade Federal de Minas Gerais
Pedro Caldas Esperon Carvalho,pedroesperon@id.uff.br,Pos-Graduacao;Grupo SBBE Group member,15/4/2026,Site Members,RJ,Masculino,Pós-Graduação,Universidade Federal Fluminense
Walter Ribeiro de Sousa,walter230@usp.br,Graduacao;Grupo SBBE Group member,15/4/2026,Site Members,SP,Masculino,Graduação,Universidade de São Paulo
Vanessa Rodrigues Paixão Côrtes,vanessacez@gmail.com,Profissional;Grupo SBBE Group member,14/4/2026,Site Members,BA,Feminino,Profissional,Universidade Federal da Bahia
Bárbara Márcia Marinho Silva,barbarammarinhos@gmail.com,Pos-Graduacao;Grupo SBBE Group member,13/4/2026,Site Members,MG,Feminino,Pós-Graduação,Universidade Federal de Minas Gerais
Thales Freitas,thales.freitas@ufrgs.br,Profissional;Grupo SBBE Group member,9/4/2026,Site Members,RS,Masculino,Profissional,Universidade Federal do Rio Grande do Sul
Camila do Nascimento Moreira,cmoreirabio@gmail.com,Profissional;Grupo SBBE Group member,8/4/2026,Site Members,SP,Feminino,Profissional,Universidade Estadual Paulista
Júlia Ross,ju.ross2005@gmail.com,Graduacao;Grupo SBBE Group member,8/4/2026,Site Members,SP,Feminino,Graduação,Universidade de São Paulo
Pedro Villas-bôas de Morais,p277484@dac.unicamp.br,Graduacao;Grupo SBBE Group member,7/4/2026,Site Members,SP,Masculino,Graduação,Universidade Estadual de Campinas
Luiza Fonseca Amorim de Paula,luizafap@gmail.com,Profissional;Grupo SBBE Group member,2/4/2026,Site Members,MG,Feminino,Profissional,Universidade Federal de Minas Gerais
Júlio Chaves,jcmagalhaeschaves@gmail.com,Pos-Graduacao;Grupo SBBE Group member,1/4/2026,Site Members,Exterior,Masculino,Pós-Graduação,The City University of New York
Renato Araujo Garcia,renatoaraujo.garcia@estudante.ufjf.br,Graduacao;Grupo SBBE Group member,1/4/2026,Site Members,MG,Masculino,Graduação,Universidade Federal de Juiz de Fora
Cauã Antunes Westmann,caua.antuneswestmann@epfl.ch,Profissional;Grupo SBBE Group member,31/3/2026,Site Members,Exterior,Masculino,Profissional,École Polytechnique Fédérale de Lausanne
Luciana Aguilar Aleixo,lucianaaleixo@uesb.edu.br,Profissional;Grupo SBBE Group member,31/3/2026,Site Members,BA,Feminino,Profissional,Universidade Estadual do Sudoeste da Bahia
Alessandra Santos Costa,sandracosta_96@hotmail.com,Pos-Graduacao;Grupo SBBE Group member,30/3/2026,Site Members,BA,Feminino,Pós-Graduação,Universidade Estadual do Sudoeste da Bahia
Ana Paula Freire dos Santos,paula.freire@ufpr.br,Pos-Graduacao;Grupo SBBE Group member,30/3/2026,Site Members,PR,Feminino,Pós-Graduação,Universidade Federal do Paraná
Bruna de Moraes Mineiro,brunamoraesmm@gmail.com,Pos-Graduacao;Grupo SBBE Group member,30/3/2026,Site Members,AM,Feminino,Pós-Graduação,Instituto Nacional de Pesquisas da Amazônia
Carlo Tonelo,carlotonelo@usp.br,Pos-Graduacao;Grupo SBBE Group member,30/3/2026,Site Members,SP,Masculino,Pós-Graduação,Universidade de São Paulo
Débora Diniz Bezerra,ddiniz@uesb.edu.br,Profissional;Grupo SBBE Group member,30/3/2026,Site Members,BA,Feminino,Profissional,Universidade Estadual do Sudoeste da Bahia
Elis de Aguiar Jacquemin,jacquemin.elis@gmail.com,Graduacao;Grupo SBBE Group member,30/3/2026,Site Members,MG,Feminino,Graduação,Universidade Federal de Minas Gerais
Fernando Munir Lima Calarge,fernando.calarge@gmail.com,Graduacao;Grupo SBBE Group member,30/3/2026,Site Members,MS,Masculino,Graduação,Universidade Federal de Mato Grosso do Sul
Gabriela Procopio Leite,gabrielaprocopio3@gmail.com,Pos-Graduacao;Grupo SBBE Group member,30/3/2026,Site Members,RJ,Feminino,Pós-Graduação,Universidade Federal do Rio de Janeiro
Gabriela Tonidandel,gabrielatonidandel@gmail.com,Graduacao;Grupo SBBE Group member,30/3/2026,Site Members,MG,Feminino,Graduação,Universidade Federal de Minas Gerais
Gabrielle Naomi Imai Aldeia,gn.aldeia@gmail.com,Pos-Graduacao;Grupo SBBE Group member,30/3/2026,Site Members,SP,Outro,Pós-Graduação,Universidade Federal do ABC
Guilherme Costa Baião,gcbaiao@gmail.com,Pos-Graduacao;Grupo SBBE Group member,30/3/2026,Site Members,MG,Masculino,Pós-Graduação,Universidade Federal de Minas Gerais
Henry Paul Granger Neto,hp.granger98@gmail.com,Pos-Graduacao;Grupo SBBE Group member,30/3/2026,Site Members,MG,Masculino,Pós-Graduação,Universidade Federal de Minas Gerais
Italo Candelária de Faria Pereira Silva,italocfpsilvaggizi@gmail.com,Graduacao;Grupo SBBE Group member,30/3/2026,Site Members,MG,Masculino,Graduação,Universidade Federal de Minas Gerais
Joana de Moura Gama,joanamgama@gmail.com,Pos-Graduacao;Grupo SBBE Group member,30/3/2026,Site Members,SP,Feminino,Pós-Graduação,Universidade Estadual de Campinas
Luísa Mendes Fechina,luisa.fechina@gmail.com,Graduacao;Grupo SBBE Group member,30/3/2026,Site Members,DF,Feminino,Graduação,Universidade de Brasília
Maria Dulcetti Vibranovski,mdv@ib.usp.br,Profissional;Grupo SBBE Group member,30/3/2026,Site Members,SP,Feminino,Profissional,Universidade de São Paulo
Rhuan Medeiro,rhuanmedeiro@gmail.com,Pos-Graduacao;Grupo SBBE Group member,30/3/2026,Site Members,MG,Masculino,Pós-Graduação,Universidade Federal de Minas Gerais
Rodrigo Santos de Araújo,rodrigob623e6ef@gmail.com,Pos-Graduacao;Grupo SBBE Group member,30/3/2026,Site Members,BA,Masculino,Pós-Graduação,Universidade Federal da Bahia
Rubens Pasa,rpasa@ufv.br,Profissional;Grupo SBBE Group member,30/3/2026,Site Members,MG,Masculino,Profissional,Universidade Federal de Viçosa
Ryan Fernandes Vieira de Souza,ryanfernandes44@gmail.com,Pos-Graduacao;Grupo SBBE Group member,30/3/2026,Site Members,MG,Masculino,Pós-Graduação,Universidade Federal da Grande Dourados
Sandro Bonatto,slbonatto@pucrs.br,Profissional;Grupo SBBE Group member,30/3/2026,Site Members,RS,Masculino,Profissional,Pontifícia Universidade Católica do Rio Grande do Sul
Sophia Manhães Galiaço Augusto,sophiamanhaes@id.uff.br,Graduacao;Grupo SBBE Group member,30/3/2026,Site Members,RJ,Feminino,Graduação,Universidade Federal Fluminense
Ana Paula Carmignotto,apcarmig@ufscar.br,Profissional;Grupo SBBE Group member,29/3/2026,Site Members,SP,Feminino,Profissional,Universidade Federal de São Carlos
Heitor Felipe Lopes de Castro,heitorlc@gmail.com,Pos-Graduacao;Grupo SBBE Group member,29/3/2026,Site Members,MG,Masculino,Pós-Graduação,Universidade do Estado de Minas Gerais
Lucas dos Santos Fazzio Rachid,lucas.rachid@usp.br,Pos-Graduacao;Grupo SBBE Group member,29/3/2026,Site Members,SP,Masculino,Pós-Graduação,Universidade de São Paulo
Vinícius Castro Burgo,viniciusburgo569@gmail.com,Graduacao;Grupo SBBE Group member,29/3/2026,Site Members,PR,Masculino,Graduação,Universidade Federal do Paraná
Yuri Gomes Abrantes,yuri.gomesabrantes@gmail.com,Pos-Graduacao;Grupo SBBE Group member,29/3/2026,Site Members,RN,Masculino,Pós-Graduação,Universidade Federal do Rio Grande do Norte
Rafael Eiji Iwama,eiji.iwama@usp.br,Profissional;Grupo SBBE Group member,28/3/2026,Site Members,SP,Masculino,Profissional,Universidade de São Paulo
Viviane Duarte Gonçalves,viviane.duarte2601@gmail.com,Pos-Graduacao;Grupo SBBE Group member,28/3/2026,Site Members,RJ,Feminino,Pós-Graduação,Universidade Federal do Rio de Janeiro
Andréa Tonolli Thomaz,deatthomaz@gmail.com,Profissional;Grupo SBBE Group member,27/3/2026,Site Members,Exterior,Feminino,Profissional,Universidad Nacional de Colombia
Bruno Kohlsdorf Zamboni,bruno-kohlsdorf.zamboni@unesp.br,Graduacao;Grupo SBBE Group member,27/3/2026,Site Members,SP,Masculino,Graduação,Universidade Estadual Paulista
Gabriel Lucas de Freitas Costa,gabriel.freitas.711@ufrn.edu.br,Graduacao;Grupo SBBE Group member,27/3/2026,Site Members,RN,Masculino,Graduação,Universidade Federal do Rio Grande do Norte
Ingrid Lima e Lima,ingridlima.hpt@gmail.com,Pos-Graduacao;Grupo SBBE Group member,27/3/2026,Site Members,SP,Feminino,Pós-Graduação,Universidade Estadual Paulista
Kailane Cardoso Silva,kailane.silva@estudante.ufjf.br,Graduacao;Grupo SBBE Group member,27/3/2026,Site Members,MG,Feminino,Graduação,Universidade Federal de Juiz de Fora
Luís Gustavo de Matos Boa Morte,luiscosette12@gmail.com,Graduacao;Grupo SBBE Group member,27/3/2026,Site Members,MG,Masculino,Graduação,Universidade Federal de Juiz de Fora
Mariana Nunes Menegat,marianamenegat@outlook.com,Pos-Graduacao;Grupo SBBE Group member,27/3/2026,Site Members,MS,Feminino,Pós-Graduação,Universidade Federal do Rio Grande
Reinaldo Alves de Brito,brito@ufscar.br,Profissional;Grupo SBBE Group member,27/3/2026,Site Members,SP,Masculino,Profissional,Universidade Federal de São Carlos
Rômulo Celestino,romulo.amazonia@gmail.com,Pos-Graduacao;Grupo SBBE Group member,27/3/2026,Site Members,SP,Masculino,Pós-Graduação,Universidade Estadual de Campinas
Emilly Nicolau Koubayache,emillynicolau06@gmail.com,Graduacao;Grupo SBBE Group member,26/3/2026,Site Members,MG,Feminino,Graduação,Universidade Federal de Minas Gerais
Evelyn Sarah da Silva Ramacciotti,evelyn_sarah@ufms.br,Graduacao;Grupo SBBE Group member,26/3/2026,Site Members,MS,Feminino,Graduação,Universidade Federal de Mato Grosso do Sul
Ivan Alberto Del Rei Neto,ivaneto@outlook.com.br,Graduacao;Grupo SBBE Group member,26/3/2026,Site Members,BA,Masculino,Graduação,Universidade Estadual do Sudoeste da Bahia
Karine Frehner Kavalco,kavalco@ufv.br,Profissional;Grupo SBBE Group member,26/3/2026,Site Members,MG,Feminino,Profissional,Universidade Federal de Viçosa
Luan Hernandes Pinho Nogueira,luanhpnogueira@gmail.com,Pos-Graduacao;Grupo SBBE Group member,26/3/2026,Site Members,SP,Masculino,Pós-Graduação,Universidade de São Paulo
Lucas dos Santos Mosquito,lucasmosquito78@gmail.com,Graduacao;Grupo SBBE Group member,26/3/2026,Site Members,BA,Masculino,Graduação,Universidade Estadual do Sudoeste da Bahia
Nicolas Flores Bock,nicolasfb05@gmail.com,Graduacao;Grupo SBBE Group member,26/3/2026,Site Members,RS,Masculino,Graduação,Universidade Federal do Rio Grande do Sul
Paulo Henrique Corrêa Dória,pdoria@unifesp.br,Graduacao;Grupo SBBE Group member,26/3/2026,Site Members,SP,Masculino,Graduação,Universidade Federal de São Paulo
Rodrigo Barbosa Ferreira,rbfherpeto@gmail.com,Pos-Graduacao;Grupo SBBE Group member,26/3/2026,Site Members,GO,Masculino,Pós-Graduação,Universidade Federal de Goiás
Rodrigo Zeni,rodrigo-zeni@outlook.com.br,Pos-Graduacao;Grupo SBBE Group member,26/3/2026,Site Members,SP,Masculino,Pós-Graduação,Universidade Estadual Paulista
Tassia Nery Silva,akyra10@gmail.com,Pos-Graduacao;Grupo SBBE Group member,26/3/2026,Site Members,BA,Feminino,Pós-Graduação,Universidade Estadual do Sudoeste da Bahia
Amanda Kimie Tsuruta,amandatsuruta@gmail.com,Pos-Graduacao;Grupo SBBE Group member,25/3/2026,Site Members,SP,Masculino,Pós-Graduação,Universidade de São Paulo
Bruno Cossermelli Vellutini,vellutini@ufmg.br,Profissional;Grupo SBBE Group member,25/3/2026,Site Members,MG,Masculino,Profissional,Universidade Federal de Minas Gerais
Giulia Maria Santos de Santana Reis,giiuliammaria@gmail.com,Graduacao;Grupo SBBE Group member,25/3/2026,Site Members,BA,Feminino,Graduação,Universidade Estadual do Sudoeste da Bahia
Guilherme Gomes Carvalho,guilhermegcarvalho7@gmail.com,Graduacao;Grupo SBBE Group member,25/3/2026,Site Members,DF,Masculino,Graduação,Universidade de Brasília
Italo Alvarenga Goncalves,italo.alvarenga@unifesp.br,Pos-Graduacao;Grupo SBBE Group member,25/3/2026,Site Members,SP,Masculino,Pós-Graduação,Universidade Federal de São Paulo
Juliano Eça Del-Rei,julianodelrei8@gmail.com,Graduacao;Grupo SBBE Group member,25/3/2026,Site Members,BA,Masculino,Graduação,Universidade Estadual do Sudoeste da Bahia
Maria Clara do Nascimento,clarinha_bio@yahoo.com.br,Profissional;Grupo SBBE Group member,25/3/2026,Site Members,MT,Feminino,Profissional,Universidade Federal de Mato Grosso
Maria Eduarda Gisloti Ribeiro,maria.gisloti@unesp.br,Graduacao;Grupo SBBE Group member,25/3/2026,Site Members,SP,Feminino,Graduação,Universidade Estadual Paulista
Ricardo Utsunomia,ricardo.utsunomia@unesp.br,Profissional;Grupo SBBE Group member,25/3/2026,Site Members,SP,Masculino,Profissional,Universidade Estadual Paulista
Ana Júlia Oliveira Verdi,anajuliaverdi@gmail.com,Graduacao;Grupo SBBE Group member,24/3/2026,Site Members,BA,Feminino,Graduação,Universidade Estadual do Sudoeste da Bahia
Carla Martins Casais,casaiscarla21@gmail.com,Graduacao;Grupo SBBE Group member,24/3/2026,Site Members,MG,Feminino,Graduação,Universidade Federal de Minas Gerais
Carolayne Paes Nogueira,carolaynecpn@gmail.com,Pos-Graduacao;Grupo SBBE Group member,24/3/2026,Site Members,RJ,Feminino,Pós-Graduação,Universidade Estadual do Norte Fluminense
Catarina da Fonseca Lira,catarina_lira@yahoo.com.br,Profissional;Grupo SBBE Group member,24/3/2026,Site Members,RJ,Feminino,Profissional,Jardim Botânico do Rio de Janeiro
Enzo Tullio Pavellecini,enzo.tullio@unesp.br,Graduacao;Grupo SBBE Group member,24/3/2026,Site Members,SP,Masculino,Graduação,Universidade Estadual Paulista
Janaina Ribeiro Prado,janaina.prado15@unifesp.br,Pos-Graduacao;Grupo SBBE Group member,24/3/2026,Site Members,SP,Feminino,Pós-Graduação,Universidade Federal de São Paulo
Marcelo José Sturaro,marcelosturaro@gmail.com,Profissional;Grupo SBBE Group member,24/3/2026,Site Members,SP,Masculino,Profissional,Universidade Federal de São Paulo
Ana Cecilia Holler del Prette,anacecilia.holler@gmail.com,Pos-Graduacao;Grupo SBBE Group member,23/3/2026,Site Members,MG,Feminino,Pós-Graduação,Universidade Federal de Minas Gerais
Breno Bezerra Just,brenojust99@gmail.com,Graduacao;Grupo SBBE Group member,23/3/2026,Site Members,PB,Masculino,Graduação,Universidade Federal da Paraíba
Elisa Queiroz Garcia,elisaqg@yahoo.com.br,Profissional;Grupo SBBE Group member,23/3/2026,Site Members,MG,Feminino,Profissional,Centro Universitário de Patos de Minas
Ingrid Lavínia Malosti Vieira,ingridmalosti@outlook.com,Graduacao;Grupo SBBE Group member,23/3/2026,Site Members,PR,Feminino,Graduação,Universidade Federal do Paraná
Isaac Rafael Freitas Borges,isaacborges966@gmail.com,Graduacao;Grupo SBBE Group member,23/3/2026,Site Members,MG,Masculino,Graduação,Universidade Federal de Minas Gerais
Isadora Mirandella Merhi,isadoramerhi@gmail.com,Graduacao;Grupo SBBE Group member,23/3/2026,Site Members,MG,Feminino,Graduação,Universidade Federal de São João del-Rei
Lorenzo Mascarenhas,lorenzomascarenhas2003@gmail.com,Graduacao;Grupo SBBE Group member,22/3/2026,Site Members,BA,Masculino,Graduação,Universidade Estadual do Sudoeste da Bahia
Nathalia Guedes Alves,nathaliagalves03@gmail.com,Graduacao;Grupo SBBE Group member,22/3/2026,Site Members,SP,Feminino,Graduação,Universidade Estadual Paulista
Claudia Elizabeth Thompson,cthompson@ufcspa.edu.br,Profissional;Grupo SBBE Group member,21/3/2026,Site Members,RS,Feminino,Profissional,Universidade Federal de Ciências da Saúde de Porto Alegre
Lívia de Fátima Moreira Silva,liviadefatima01@hotmail.com,Graduacao;Grupo SBBE Group member,21/3/2026,Site Members,MG,Feminino,Graduação,Universidade Federal de Minas Gerais
Marcus Thadeu Teixeira Santos,mthadeusantos@gmail.com,Profissional;Grupo SBBE Group member,21/3/2026,Site Members,SP,Masculino,Profissional,Universidade Estadual Paulista
Vander Calmon Tosta,vander.tosta@ufes.br,Profissional;Grupo SBBE Group member,21/3/2026,Site Members,ES,Masculino,Profissional,Universidade Federal do Espírito Santo
Aline Cristina Correa Pereira,aline.c.pereira@unesp.br,Graduacao;Grupo SBBE Group member,20/3/2026,Site Members,SP,Feminino,Graduação,Universidade Estadual Paulista
Álvaro Aragão,alvarolimabio@gmail.com,Pos-Graduacao;Grupo SBBE Group member,20/3/2026,Site Members,MS,Masculino,Pós-Graduação,Universidade Federal de Mato Grosso do Sul
Beatriz Kopke e Silva,bekopke@id.uff.br,Graduacao;Grupo SBBE Group member,20/3/2026,Site Members,RJ,Feminino,Graduação,Universidade Federal Fluminense
Gabriel Valaski Grzegorczyk,gabrielvalaski2@gmail.com,Pos-Graduacao;Grupo SBBE Group member,20/3/2026,Site Members,PR,Masculino,Pós-Graduação,Universidade Federal do Paraná
Ryam Mendes Henrique,rianmh@hotmail.com,Pos-Graduacao;Grupo SBBE Group member,20/3/2026,Site Members,MG,Masculino,Pós-Graduação,Universidade Federal de Minas Gerais
Carol Lima,carolsufmg@gmail.com,Graduacao;Grupo SBBE Group member,19/3/2026,Site Members,MG,Feminino,Graduação,Universidade Federal de Minas Gerais
Giovana Narezi Trotta,giovananarezi@hotmail.com,Pos-Graduacao;Grupo SBBE Group member,19/3/2026,Site Members,SP,Outro,Pós-Graduação,Universidade Estadual de Campinas
Jéssica Fernanda Ramos Coelho,jess.fernandd@gmail.com,Pos-Graduacao;Grupo SBBE Group member,19/3/2026,Site Members,RS,Feminino,Pós-Graduação,Pontifícia Universidade Católica do Rio Grande do Sul
Raphael da Silva,raphaceae@gmail.com,Pos-Graduacao;Grupo SBBE Group member,19/3/2026,Site Members,SP,Masculino,Pós-Graduação,Universidade Estadual de Campinas
Aldo Mellender de Araújo,aldo1806@gmail.com,Profissional;Grupo SBBE Group member,18/3/2026,Site Members,RS,Masculino,Profissional,Universidade Federal do Rio Grande do Sul
Átila Duretti Oliveto,duretti.bio@gmail.com,Graduacao;Grupo SBBE Group member,18/3/2026,Site Members,MG,Masculino,Graduação,Universidade Federal de Minas Gerais
Felipe de Medeiros Magalhães,felipemm17@gmail.com,Pos-Graduacao;Grupo SBBE Group member,18/3/2026,Site Members,PB,Masculino,Pós-Graduação,Universidade Federal da Paraíba
Fernanda Cristie Harumi Hirahara,fernandacristie15@gmail.com,Graduacao;Grupo SBBE Group member,18/3/2026,Site Members,RJ,Feminino,Graduação,Universidade Federal do Rio de Janeiro
Luana Martins Mori Benitez,luana.mori@ufms.br,Graduacao;Grupo SBBE Group member,18/3/2026,Site Members,MS,Feminino,Graduação,Universidade Federal de Mato Grosso do Sul
Lucas Henrique Bonfim de Souza,lucashenriquebs18@gmail.com,Profissional;Grupo SBBE Group member,18/3/2026,Site Members,SP,Masculino,Profissional,Universidade Estadual de Campinas
Luciano Domingos de Oliveira Filho,luciano.filho@arapiraca.ufal.br,Pos-Graduacao;Grupo SBBE Group member,18/3/2026,Site Members,AL,Masculino,Pós-Graduação,Universidade Federal de Alagoas
Maycon Douglas de Oliveira,oliveira.maycond@gmail.com,Pos-Graduacao;Grupo SBBE Group member,18/3/2026,Site Members,MG,Masculino,Pós-Graduação,Universidade Federal de Minas Gerais
Nathércia Karine de Albuquerque Alves,nathercia.alves@ufpe.br,Graduacao;Grupo SBBE Group member,18/3/2026,Site Members,PE,Feminino,Graduação,Universidade Federal de Pernambuco
Nicole de Jesus Braga,202410631@uesb.edu.br,Graduacao;Grupo SBBE Group member,18/3/2026,Site Members,BA,Feminino,Graduação,Universidade Estadual do Sudoeste da Bahia
Pedro Paulo Goulart Taucci,pedrotaucce@gmail.com,Profissional;Grupo SBBE Group member,18/3/2026,Site Members,SP,Masculino,Profissional,Universidade Estadual Paulista
Rafael Parelli Bovo,rpbovo@gmail.com,Profissional;Grupo SBBE Group member,18/3/2026,Site Members,SP,Masculino,Profissional,Universidade de São Paulo
Raíssa Rainha,rainharaissa0@gmail.com,Pos-Graduacao;Grupo SBBE Group member,18/3/2026,Site Members,AM,Feminino,Pós-Graduação,Instituto Nacional de Pesquisas da Amazônia
Raphael Fernandes Jorge Dér,raphael.der@unifesp.br,Pos-Graduacao;Grupo SBBE Group member,18/3/2026,Site Members,SP,Masculino,Pós-Graduação,Universidade Federal de São Paulo
Rebeca Milena de Oliveira,rebecamilenadeoliveira@gmail.com,Graduacao;Grupo SBBE Group member,18/3/2026,Site Members,PE,Feminino,Graduação,Universidade Federal Rural de Pernambuco
Ana Beatriz Silva Ferreira,ana.bs.ferreira@unesp.br,Pos-Graduacao;Grupo SBBE Group member,17/3/2026,Site Members,SP,Feminino,Pós-Graduação,Universidade Estadual Paulista
Leandro Moraes,leandro.jclm@gmail.com,Pos-Graduacao;Grupo SBBE Group member,17/3/2026,Site Members,SP,Masculino,Pós-Graduação,Universidade de São Paulo
Leonardo Murari,leonardomuraribio@gmail.com,Pos-Graduacao;Grupo SBBE Group member,17/3/2026,Site Members,SP,Masculino,Pós-Graduação,Universidade Estadual de Campinas
Mariana Mira Vasconcellos,marimiravasc@gmail.com,Pos-Graduacao;Grupo SBBE Group member,17/3/2026,Site Members,SP,Feminino,Pós-Graduação,Universidade de São Paulo
Tiago Bosisio Quental,tbquental@usp.br,Profissional;Grupo SBBE Group member,17/3/2026,Site Members,SP,Masculino,Profissional,Universidade de São Paulo
Ana Helena Cruciol,ana.cruciol@unesp.br,Pos-Graduacao;Grupo SBBE Group member,16/3/2026,Site Members,SP,Feminino,Pós-Graduação,Universidade Estadual Paulista
João Mateus Zepson Capucho,joao.capucho@ufpr.br,Graduacao;Grupo SBBE Group member,16/3/2026,Site Members,PR,Outro,Graduação,Universidade Federal do Paraná
Júlia Zanatta Alves,julia.zanatta@ufpe.br,Pos-Graduacao;Grupo SBBE Group member,16/3/2026,Site Members,PE,Feminino,Pós-Graduação,Universidade Federal de Pernambuco
Roberta Pacheco Damasceno,rpdama@gmail.com,Profissional;Grupo SBBE Group member,16/3/2026,Site Members,PA,Feminino,Profissional,Instituto Tecnológico Vale
Alessandro Marques De Oliveira,biolessandro@gmail.com,Profissional;Grupo SBBE Group member,14/3/2026,Site Members,MG,Masculino,Profissional,Universidade do Estado de Minas Gerais
Laura Carolina Leal de Sousa,laura.leal@ufpr.br,Profissional;Grupo SBBE Group member,14/3/2026,Site Members,PR,Feminino,Profissional,Universidade Federal do Paraná
Igor Salles de Oliveira,igor_salles@usp.br,Pos-Graduacao;Grupo SBBE Group member,13/3/2026,Site Members,SP,Masculino,Pós-Graduação,Universidade de São Paulo
Pablo Ariel Martinez,pablo_sc82@hotmail.com,Profissional;Grupo SBBE Group member,13/3/2026,Site Members,SE,Masculino,Profissional,Universidade Federal de Sergipe
Pedro Henrique Pacheco Mosquini,mosquiniphp@gmail.com,Pos-Graduacao;Grupo SBBE Group member,13/3/2026,Site Members,SP,Masculino,Pós-Graduação,Universidade Estadual de Campinas
Ivan Sergio Nunes Silva Filho,ivan.nunes@unesp.br,Profissional;Grupo SBBE Group member,12/3/2026,Site Members,SP,Masculino,Profissional,Universidade Estadual Paulista
Luiza de Moraes Magaldi,luiza.magaldi@gmail.com,Profissional;Grupo SBBE Group member,12/3/2026,Site Members,SP,Feminino,Profissional,Universidade Estadual de Campinas
Isabella Limão,isaarlimao@gmail.com,Graduacao;Grupo SBBE Group member,11/3/2026,Site Members,DF,Feminino,Graduação,Universidade de Brasília
Joao Pedro Fujita,joaopedrofujita@estudante.ufscar.br,Graduacao;Grupo SBBE Group member,11/3/2026,Site Members,SP,Masculino,Graduação,Universidade Federal de São Carlos
Tatiana Cristina Rotta de Carvalho,carvalhotatianaa@gmail.com,Pos-Graduacao;Grupo SBBE Group member,11/3/2026,Site Members,PR,Feminino,Pós-Graduação,Universidade Federal do Paraná
Gustavo Henrique Pereira Da Silva,silva.gustavo@discente.ufg.br,Pos-Graduacao;Grupo SBBE Group member,10/3/2026,Site Members,GO,Masculino,Pós-Graduação,Universidade Federal de Goiás
Mayara Silva Xavier,mayara.xavier@ufpe.br,Graduacao;Grupo SBBE Group member,10/3/2026,Site Members,PE,Feminino,Graduação,Universidade Federal de Pernambuco
Vinicius Jose Carvalho Reis,carvalhvinicius@gmail.com,Pos-Graduacao;Grupo SBBE Group member,10/3/2026,Site Members,SP,Masculino,Pós-Graduação,Universidade Estadual Paulista
Adauto Lima Cardoso,adautolimacardoso@gmail.com,Profissional;Grupo SBBE Group member,9/3/2026,Site Members,SP,Masculino,Profissional,Universidade Estadual Paulista
Paulo Aecyo Francisco da Silva,pauloaecyo_1997@hotmail.com,Pos-Graduacao;Grupo SBBE Group member,9/3/2026,Site Members,SP,Masculino,Pós-Graduação,Universidade Estadual de Campinas
Iasodara do Carmo Lima dos Santos,daralima621@gmail.com,Pos-Graduacao;Grupo SBBE Group member,8/3/2026,Site Members,SP,Feminino,Pós-Graduação,Universidade Estadual de Campinas
Sebastian Guzman,sebas32294@gmail.com,Pos-Graduacao;Grupo SBBE Group member,6/3/2026,Site Members,RS,Masculino,Pós-Graduação,Universidade Federal do Rio Grande do Sul
Drielli Canal,drielliufes@gmail.com,Pos-Graduacao;Grupo SBBE Group member,5/3/2026,Site Members,SP,Feminino,Pós-Graduação,Universidade Estadual de Campinas
João Victor Rodrigues Pessoa Carvalho,jvrodrigues934@gmail.com,Pos-Graduacao;Grupo SBBE Group member,5/3/2026,Site Members,MG,Masculino,Pós-Graduação,Universidade Federal de Minas Gerais
Weverton dos Santos Azevedo,weverton.azevedo@hotmail.com,Pos-Graduacao;Grupo SBBE Group member,5/3/2026,Site Members,SP,Masculino,Pós-Graduação,Universidade de São Paulo
Bruna Peixoto Lovato,bruna.lovato@hotmail.com,Pos-Graduacao;Grupo SBBE Group member,4/3/2026,Site Members,RS,Feminino,Pós-Graduação,Universidade Federal do Rio Grande do Sul
Laura da Silva Fonseca,lauradsfonseca4@gmail.com,Pos-Graduacao;Grupo SBBE Group member,4/3/2026,Site Members,RJ,Feminino,Pós-Graduação,Universidade Federal do Rio de Janeiro
Milene Kelly Pereira da Silva,milenekelly123@gmail.com,Pos-Graduacao;Grupo SBBE Group member,4/3/2026,Site Members,AL,Feminino,Pós-Graduação,Universidade Federal de Alagoas
Pammella Teixeira de Paula,pammellateixeira@gmail.com,Pos-Graduacao;Grupo SBBE Group member,4/3/2026,Site Members,BA,Feminino,Pós-Graduação,Universidade Federal da Bahia
Vinicius Anelli,vnanelli@gmail.com,Profissional;Grupo SBBE Group member,4/3/2026,Site Members,SP,Masculino,Profissional,Universidade de São Paulo
Mathias Rennó Chaves,mathiasrennochaves@gmail.com,Pos-Graduacao;Grupo SBBE Group member,3/3/2026,Site Members,SP,Masculino,Pós-Graduação,Universidade Estadual de Campinas
Késia Raquel Silva,kesia.ferreira@arapiraca.ufal.br,Pos-Graduacao;Grupo SBBE Group member,2/3/2026,Site Members,AL,Feminino,Pós-Graduação,Universidade Federal de Alagoas
Larissa Marolli Pezzini,larissam.pezzini@hotmail.com,Pos-Graduacao;Grupo SBBE Group member,2/3/2026,Site Members,SP,Feminino,Pós-Graduação,Universidade Estadual de Campinas
Sonia Barbosa dos Santos,malacosonia@gmail.com,Profissional;Grupo SBBE Group member,2/3/2026,Site Members,RJ,Feminino,Profissional,Universidade do Estado do Rio de Janeiro
Evandro Marsola de Moraes,emarsola@ufscar.br,Profissional;Grupo SBBE Group member,1/3/2026,Site Members,SP,Masculino,Profissional,Universidade Federal de São Carlos
Bruno Afonso Corrêa,brunoafc42@gmail.com,Pos-Graduacao;Grupo SBBE Group member,28/2/2026,Site Members,SP,Masculino,Pós-Graduação,Instituto Biológico — São Paulo
Emanuelle Fernanda Emygdio,emanuelleemygdio@usp.br,Graduacao;Grupo SBBE Group member,28/2/2026,Site Members,SP,Feminino,Graduação,Universidade de São Paulo
José Antonio,oliveira.profiss@gmail.com,Graduacao;Grupo SBBE Group member,28/2/2026,Site Members,RJ,Masculino,Graduação,Universidade Federal do Rio de Janeiro
Felipe Walter Pereira,felip3walter@gmail.com,Pos-Graduacao;Grupo SBBE Group member,27/2/2026,Site Members,GO,Masculino,Pós-Graduação,Universidade Federal de Goiás
José Henrique Pereira dos Santos,josehenriqueps@outlook.com,Graduacao;Grupo SBBE Group member,27/2/2026,Site Members,MA,Masculino,Graduação,Universidade Federal do Maranhão
Monique Maianne,moniquemaianne@gmail.com,Pos-Graduacao;Grupo SBBE Group member,27/2/2026,Site Members,SP,Feminino,Pós-Graduação,Universidade de São Paulo
Samuel Augusto Aguiar dos Anjos,sam_aanjos@usp.br,Graduacao;Grupo SBBE Group member,27/2/2026,Site Members,SP,Masculino,Graduação,Universidade de São Paulo
Yago Barros de Souza,souzayagob@gmail.com,Pos-Graduacao;Grupo SBBE Group member,27/2/2026,Site Members,SP,Masculino,Pós-Graduação,Universidade de São Paulo
Anderson Lepeco,al.lepeco@gmail.com,Pos-Graduacao;Grupo SBBE Group member,26/2/2026,Site Members,RJ,Masculino,Pós-Graduação,Universidade Federal do Rio de Janeiro
Bruno Alves Sousa Coelho,bruno.s.coelho@unesp.br,Pos-Graduacao;Grupo SBBE Group member,26/2/2026,Site Members,SP,Masculino,Pós-Graduação,Universidade Estadual Paulista
Luca Vasconcelos da Gama Garcia,lucagamaufmg@gmail.com,Pos-Graduacao;Grupo SBBE Group member,26/2/2026,Site Members,MG,Masculino,Pós-Graduação,Universidade Federal de Minas Gerais
Alanis Camila,alaniscamila87@gmail.com,Graduacao;Grupo SBBE Group member,25/2/2026,Site Members,BA,Feminino,Graduação,Universidade Federal da Bahia
Fernanda Sobral,fernandalsobral15@gmail.com,Graduacao;Grupo SBBE Group member,25/2/2026,Site Members,BA,Feminino,Graduação,Universidade Federal da Bahia
Fernanda Dias Paes Landim,fernandadiaspaeslandim@gmail.com,Graduacao;Grupo SBBE Group member,24/2/2026,Site Members,SP,Feminino,Graduação,Universidade de São Paulo
Henrique Tadaka Uehara,rick.tadaka@outlook.com,Graduacao;Grupo SBBE Group member,23/2/2026,Site Members,SP,Masculino,Graduação,Universidade Estadual Paulista
Felipe Vieira De Freitas,felipevieirafreitas@gmail.com,Pos-Graduacao;Grupo SBBE Group member,19/2/2026,Site Members,SP,Masculino,Pós-Graduação,Universidade de São Paulo
Ana Carolina Loss Rodrigues,carol.loss@gmail.com,Profissional;Grupo SBBE Group member,15/2/2026,Site Members,ES,Feminino,Profissional,Instituto Nacional da Mata Atlântica
Kevin Kyoshi Toldo Makiya,kevin.kyoshi@unesp.br,Pos-Graduacao;Grupo SBBE Group member,14/2/2026,Site Members,SP,Masculino,Pós-Graduação,Universidade Estadual Paulista
Angie Camila Cadena Ramos,angieccadena@gmail.com,Pos-Graduacao;Grupo SBBE Group member,12/2/2026,Site Members,SP,Feminino,Pós-Graduação,Universidade de São Paulo
Carlos Henrique de Carvalho Neto,carloshenrique.decarvalhoneto@gmail.com,Pos-Graduacao;Grupo SBBE Group member,12/2/2026,Site Members,BA,Masculino,Pós-Graduação,Universidade Estadual de Santa Cruz
Cecilia Waichert,cwaichert@gmail.com,Profissional;Grupo SBBE Group member,12/2/2026,Site Members,DF,Feminino,Profissional,Universidade de Brasília
Ricardo Lourenço-de-Moraes,ricardo.moraes@ufrn.br,Profissional;Grupo SBBE Group member,11/2/2026,Site Members,RN,Masculino,Profissional,Universidade Federal do Rio Grande do Norte
Davi Barbalho,barbalhodavi123@gmail.com,Graduacao;Grupo SBBE Group member,10/2/2026,Site Members,MG,Masculino,Graduação,Universidade Federal de Minas Gerais
Luísa Victória da Silva Vareira,luisa.vareira@discente.ufg.br,Pos-Graduacao;Grupo SBBE Group member,10/2/2026,Site Members,GO,Feminino,Pós-Graduação,Universidade Federal de Goiás
Marcelo Henrique Schwade,marceloh.schwade@gmail.com,Pos-Graduacao;Grupo SBBE Group member,10/2/2026,Site Members,SP,Masculino,Pós-Graduação,Universidade de São Paulo
Gustavo Kuhn,guto.cs.kuhn@gmail.com,Profissional;Grupo SBBE Group member,9/2/2026,Site Members,MG,Masculino,Profissional,Universidade Federal de Minas Gerais
Maikel Varal,maikelvaral@yahoo.com.br,Pos-Graduacao;Grupo SBBE Group member,9/2/2026,Site Members,RS,Masculino,Pós-Graduação,Universidade Federal do Rio Grande do Sul
Angele dos Reis Martins,angelemartins@gmail.com,Profissional;Grupo SBBE Group member,6/2/2026,Site Members,DF,Feminino,Profissional,Universidade de Brasília
Claudia Augusta de Moraes Russo,claurusso@hotmail.com,Profissional;Grupo SBBE Group member,6/2/2026,Site Members,RJ,Feminino,Profissional,Universidade Federal do Rio de Janeiro
Erik Francisco,erikfrancisco.ufmg@gmail.com,Profissional;Grupo SBBE Group member,6/2/2026,Site Members,MG,Masculino,Profissional,Colégio Águia de Prata
Gabrielle Melo,gabriellebmelo@gmail.com,Pos-Graduacao;Grupo SBBE Group member,6/2/2026,Site Members,MG,Feminino,Pós-Graduação,Universidade Federal de Minas Gerais
Valentina Lourenço da Silva Santos,valentina.santosls@gmail.com,Pos-Graduacao;Grupo SBBE Group member,6/2/2026,Site Members,MG,Feminino,Pós-Graduação,Universidade Federal de Minas Gerais
Caren Santos Costa,santoscarenth508@gmail.com,Graduacao;Grupo SBBE Group member,5/2/2026,Site Members,BA,Feminino,Graduação,Universidade Estadual do Sudoeste da Bahia
Henrique Batalha-Filho,henrique.batalha@outlook.com,Profissional;Grupo SBBE Group member,5/2/2026,Site Members,BA,Masculino,Profissional,Universidade Federal da Bahia
Maria Ursini Alves de Lima,mariaursinialves@gmail.com,Pos-Graduacao;Grupo SBBE Group member,5/2/2026,Site Members,SP,Feminino,Pós-Graduação,Universidade Estadual de Campinas
Ubirata Ferreira Souza,ubirataferreirasouza@gmail.com,Pos-Graduacao;Grupo SBBE Group member,5/2/2026,Site Members,SP,Masculino,Pós-Graduação,Universidade Estadual de Campinas
Washington Vasconcelos Joaquim Gomes,washington.vjoaquim@gmail.com,Pos-Graduacao;Grupo SBBE Group member,5/2/2026,Site Members,RJ,Masculino,Pós-Graduação,Universidade Federal do Estado do Rio de Janeiro
Daniel Meneguello Limeira,daniel.limeira@ifpr.edu.br,Profissional;Grupo SBBE Group member,4/2/2026,Site Members,PR,Masculino,Profissional,Instituto Federal — Paraná
Julia Nader Acquaviva,julianader95@gmail.com,Pos-Graduacao;Grupo SBBE Group member,4/2/2026,Site Members,SP,Feminino,Pós-Graduação,Universidade de São Paulo
Leonardo Cezar Silva Costa,lcezar@usp.br,Pos-Graduacao;Grupo SBBE Group member,4/2/2026,Site Members,SP,Masculino,Pós-Graduação,Universidade de São Paulo
Ricardo Cardoso Benine,ricardo.benine@unesp.br,Profissional;Grupo SBBE Group member,4/2/2026,Site Members,SP,Masculino,Profissional,Universidade Estadual Paulista
Roberta Azeredo Murta da Fonseca,roberta.fonseca@unb.br,Profissional;Grupo SBBE Group member,4/2/2026,Site Members,DF,Feminino,Profissional,Universidade de Brasília
Volnys Bernal,volnys.kenzo@unesp.br,Pos-Graduacao;Grupo SBBE Group member,4/2/2026,Site Members,SP,Masculino,Pós-Graduação,Universidade Estadual Paulista
Frederico Hillesheim Horst,fredhorst7@gmail.com,Pos-Graduacao;Grupo SBBE Group member,3/2/2026,Site Members,DF,Masculino,Pós-Graduação,Universidade de Brasília
Felipe Torquato,felipe_o_torquato@hotmail.com,Profissional;Grupo SBBE Group member,2/2/2026,Site Members,RN,Masculino,Profissional,Universidade Federal do Rio Grande do Norte
Francisco Diêgo Mendonça Medeiros,mmedeiros.diego@gmail.com,Pos-Graduacao;Grupo SBBE Group member,2/2/2026,Site Members,RN,Masculino,Pós-Graduação,Universidade Federal do Rio Grande do Norte
Maria Carolina Ferreira,ferreira.mcf.maria@gmail.com,Pos-Graduacao;Grupo SBBE Group member,2/2/2026,Site Members,PR,Feminino,Pós-Graduação,Universidade Estadual do Centro-Oeste
Tatiane Pereira de Lima,ttplima@outlook.com,Pos-Graduacao;Grupo SBBE Group member,2/2/2026,Site Members,RJ,Feminino,Pós-Graduação,Universidade Federal do Rio de Janeiro
Alexandre Palaoro,alexandre.palaoro@gmail.com,Profissional;Grupo SBBE Group member,30/1/2026,Site Members,PR,Masculino,Profissional,Universidade Federal do Paraná
Felipe Malheiros Gawryszewski,felipe@unb.br,Profissional;Grupo SBBE Group member,30/1/2026,Site Members,DF,Masculino,Profissional,Universidade de Brasília
Fernando Pacheco Rodrigues,fprodrigues@unb.br,Profissional;Grupo SBBE Group member,30/1/2026,Site Members,DF,Masculino,Profissional,Universidade de Brasília
Wanderley Dantas dos Santos,wdsantos@uem.br,Profissional;Grupo SBBE Group member,30/1/2026,Site Members,PR,Masculino,Profissional,Universidade Estadual de Maringá
Anna Beatriz Jorge de Jesus Guimarães,annabjjguimaraes@edu.unirio.br,Graduacao;Grupo SBBE Group member,29/1/2026,Site Members,RJ,Feminino,Graduação,Universidade Federal do Estado do Rio de Janeiro
Henrique Caldeira Costa,ccostah@gmail.com,Profissional;Grupo SBBE Group member,29/1/2026,Site Members,MG,Masculino,Profissional,Universidade Federal de Juiz de Fora
Luciana Resende,luresende@gmail.com,Profissional;Grupo SBBE Group member,29/1/2026,Site Members,MG,Feminino,Profissional,Universidade Federal de Minas Gerais
Maria Paula Cruz Schneider,mariapaulacruzschneider@gmail.com,Profissional;Grupo SBBE Group member,29/1/2026,Site Members,PA,Feminino,Profissional,Universidade Federal do Pará
Tami Mott,tami.mott@icbs.ufal.br,Profissional;Grupo SBBE Group member,29/1/2026,Site Members,AL,Feminino,Profissional,Universidade Federal de Alagoas
Vera Lucia da Silva Valente Gaiesky,vera.gaiesky@ufrgs.br,Profissional;Grupo SBBE Group member,29/1/2026,Site Members,RS,Feminino,Profissional,Universidade Federal do Rio Grande do Sul
Igor Peres Puertas,igorperesp@hotmail.com,Pos-Graduacao;Grupo SBBE Group member,28/1/2026,Site Members,SP,Masculino,Pós-Graduação,Universidade de São Paulo
Rafael Felix de Magalhaes,rafaelmagalhaes@ufsj.edu.br,Profissional;Grupo SBBE Group member,28/1/2026,Site Members,MG,Masculino,Profissional,Universidade Federal de São João del-Rei
Ana Paula Assis,paulaassis@ib.usp.br,Profissional;Grupo SBBE Group member,27/1/2026,Site Members,SP,Feminino,Profissional,Universidade de São Paulo
Suzana Alcantara,suzana.alcantara@ufsc.br,Profissional;Grupo SBBE Group member,27/1/2026,Site Members,SC,Feminino,Profissional,Universidade Federal de Santa Catarina
Wenderson Felipe Costa Rodrigues,rod.wenderson@gmail.com,Pos-Graduacao;Grupo SBBE Group member,27/1/2026,Site Members,MG,Masculino,Pós-Graduação,Universidade Federal de Minas Gerais
Katia Cristina Machado Pellegrino,katia.pellegrino@unifesp.br,Profissional;Grupo SBBE Group member,26/1/2026,Site Members,SP,Feminino,Profissional,Universidade Federal de São Paulo
Ana Clara dos Anjos Monteiro,anaclaraamonteiro@usp.br,Graduacao;Grupo SBBE Group member,23/1/2026,Site Members,SP,Feminino,Graduação,Universidade de São Paulo
Gecele Matos Paggi,gecele.paggi@ufms.br,Profissional;Grupo SBBE Group member,23/1/2026,Site Members,MS,Feminino,Profissional,Universidade Federal de Mato Grosso do Sul
Juan Zegarra,juanzegarra71@gmail.com,Graduacao;Grupo SBBE Group member,23/1/2026,Site Members,MG,Masculino,Graduação,Universidade Federal de Minas Gerais
Maria Luiza Petzl-Erler,mlperler@gmail.com,Profissional;Grupo SBBE Group member,23/1/2026,Site Members,PR,Feminino,Profissional,Universidade Federal do Paraná
Ana Karoline da Nobrega Nunes Alves,anakarolinealves1@hotmail.com,Pos-Graduacao;Grupo SBBE Group member,22/1/2026,Site Members,MG,Feminino,Pós-Graduação,Universidade Federal de Minas Gerais
Andrea Rita Marrero,andrea.marrero@ufsc.br,Profissional;Grupo SBBE Group member,22/1/2026,Site Members,SC,Feminino,Profissional,Universidade Federal de Santa Catarina
Carlos Frederico Deluqui Gurgel,f_gurgel@yahoo.com,Profissional;Grupo SBBE Group member,22/1/2026,Site Members,RJ,Masculino,Profissional,Universidade Federal do Rio de Janeiro
Diogo Amaral Rebouças Melo,diogro@gmail.com,Profissional;Grupo SBBE Group member,22/1/2026,Site Members,SP,Masculino,Profissional,Universidade de São Paulo
Felipe Camurugi Almeida Guimaraes,camurugif@gmail.com,Profissional;Grupo SBBE Group member,22/1/2026,Site Members,PB,Masculino,Profissional,Universidade Federal da Paraíba
Leonardo Maurici Borges,aquitemcaqui@gmail.com,Profissional;Grupo SBBE Group member,22/1/2026,Site Members,SP,Masculino,Profissional,Universidade Federal de São Carlos
Rafael Filgueura Jorge,rafajorgebio@gmail.com,Pos-Graduacao;Grupo SBBE Group member,22/1/2026,Site Members,RJ,Masculino,Pós-Graduação,Universidade Federal do Rio de Janeiro
Renata Pirani,renatampirani@gmail.com,Pos-Graduacao;Grupo SBBE Group member,22/1/2026,Site Members,PA,Feminino,Pós-Graduação,Instituto Tecnológico Vale
Ricardo Lehtonen Rodrigues Souza,lehtonen@ufpr.br,Profissional;Grupo SBBE Group member,22/1/2026,Site Members,PR,Masculino,Profissional,Universidade Federal do Paraná
Wellignton Clarindo,well.clarindo@ufv.br,Profissional;Grupo SBBE Group member,22/1/2026,Site Members,MG,Masculino,Profissional,Universidade Federal de Viçosa
Carolina Martins da Silva,carolina.mrtinssilva@gmail.com,Pos-Graduacao;Grupo SBBE Group member,21/1/2026,Site Members,PR,Feminino,Pós-Graduação,Universidade Federal do Paraná
Jose Ricardo Miras Mermudes,jrmermudes@gmail.com,Profissional;Grupo SBBE Group member,21/1/2026,Contact Import,RJ,Masculino,Profissional,Universidade Federal do Rio de Janeiro
Marcos Barbeitos,msbarbeitos@gmail.com,Profissional;Grupo SBBE Group member,21/1/2026,Site Members,PR,Masculino,Profissional,Universidade Federal do Paraná
Rosana Tidon,rotidon@gmail.com,Profissional;Grupo SBBE Group member,21/1/2026,Site Members,DF,Feminino,Profissional,Universidade de Brasília
Daniel Bezerril Sega,daniel.sega@usp.br,Graduacao;Grupo SBBE Group member,20/1/2026,Site Members,SP,Masculino,Graduação,Universidade de São Paulo
Priscila de Souza Rothier Duarte,priscilasrd@gmail.com,Profissional;Grupo SBBE Group member,20/1/2026,Site Members,SP,Feminino,Profissional,Universidade de São Paulo
Tiana Kohlsdorf,tiana@usp.br,Profissional;Grupo SBBE Group member,20/1/2026,Site Members,SP,Feminino,Profissional,Universidade de São Paulo
Angela Ferreira Portella,angela_portella@hotmail.com,Pos-Graduacao;Grupo SBBE Group member,19/1/2026,Site Members,RJ,Feminino,Pós-Graduação,Universidade Federal do Rio de Janeiro
Laysla Bomfim Adam,laysla.adam@gmail.com,Pos-Graduacao;Grupo SBBE Group member,19/1/2026,Site Members,BA,Feminino,Pós-Graduação,Universidade Federal da Bahia
Thannya Nascimento Soares,tnsoares@ufg.br,Profissional;Grupo SBBE Group member,19/1/2026,Site Members,GO,Feminino,Profissional,Universidade Federal de Goiás
Victor Corrêa Seixas,vcseixas@id.uff.br,Profissional;Grupo SBBE Group member,19/1/2026,Site Members,RJ,Masculino,Profissional,Universidade Federal Fluminense
Gustavo Lazzaro Rezende,guslrezende@gmail.com,Profissional;Grupo SBBE Group member,18/1/2026,Site Members,RJ,Masculino,Profissional,Universidade Estadual do Norte Fluminense
João Lucas de Carvalho Conceição,joaoucascarvalho@hotmail.com,Graduacao;Grupo SBBE Group member,18/1/2026,Site Members,BA,Masculino,Graduação,Universidade Federal da Bahia
Daniel de Melo Casali,daniel_casali@yahoo.com.br,Pos-Graduacao;Grupo SBBE Group member,16/1/2026,Site Members,SP,Masculino,Pós-Graduação,Universidade de São Paulo
Federico David Brown Almeida,fdbrown@usp.br,Profissional;Grupo SBBE Group member,15/1/2026,Site Members,SP,Masculino,Profissional,Universidade de São Paulo
Leticia Carlesso de Paula Sena,leticiacpsena@gmail.com,Pos-Graduacao;Grupo SBBE Group member,15/1/2026,Site Members,SP,Feminino,Pós-Graduação,Universidade Estadual de Campinas
Lucas Rosado Mendonça,lucasrosadm@gmail.com,Pos-Graduacao;Grupo SBBE Group member,15/1/2026,Site Members,SP,Masculino,Pós-Graduação,Universidade Estadual de Campinas
Igor Norbiatto,i236776@dac.unicamp.br,Pos-Graduacao;Grupo SBBE Group member,13/1/2026,Site Members,SP,Masculino,Pós-Graduação,Universidade Estadual de Campinas
Maria Clara Irumé,irumemcf@gmail.com,Graduacao;Grupo SBBE Group member,13/1/2026,Site Members,SP,Feminino,Graduação,Universidade de São Paulo
Francisco Roberto Diniz Araújo,robertodinizaeemd@hotmail.com,Graduacao;Grupo SBBE Group member,12/1/2026,Site Members,PB,Masculino,Graduação,Secretaria Municipal de Educação — Paraíba
Juliana Cordeiro,jlncdr@gmail.com,Profissional;Grupo SBBE Group member,12/1/2026,Contact Import,RS,Feminino,Profissional,Universidade Federal de Pelotas
Andre Yves,andreyves7@gmail.com,Pos-Graduacao;Grupo SBBE Group member,8/1/2026,Contact Import,PR,Masculino,Pós-Graduação,Universidade Federal do Paraná
Rodrigo Augusto Torres,rodrigotorres@utfpr.edu.br,Profissional;Grupo SBBE Group member,8/1/2026,Contact Import,PR,Masculino,Profissional,Universidade Tecnológica Federal do Paraná
Henrique Vilela da Mata Bianchini,hvilelamb@gmail.com,Pos-Graduacao;Grupo SBBE Group member,7/1/2026,Site Members,SP,Outro,Pós-Graduação,Universidade Estadual de Campinas
Thais Barreto Guedes,thaisbguedes@gmail.com,Profissional;Grupo SBBE Group member,7/1/2026,Contact Import,SP,Feminino,Profissional,Universidade Estadual Paulista
Ana Claudia Lessinger,lessinger@ufscar.br,Profissional;Grupo SBBE Group member,6/1/2026,Contact Import,SP,Feminino,Profissional,Universidade Federal de São Carlos
Anna Theresa De Souza Liberal,theresaliberal@gmail.com,Graduacao;Grupo SBBE Group member,6/1/2026,Contact Import,PE,Feminino,Graduação,Instituto Federal — Pernambuco
Bruno Cajado Almeida Gouveia,cajadobruno96@gmail.com,Pos-Graduacao;Grupo SBBE Group member,6/1/2026,Contact Import,BA,Masculino,Pós-Graduação,Universidade Federal da Bahia
Fabricius Domingos,fabriciusmaia@gmail.com,Profissional;Grupo SBBE Group member,6/1/2026,Contact Import,PR,Masculino,Profissional,Universidade Federal do Paraná
Fernando Sotero de Lara,fer.soterolara@gmail.com,Graduacao;Grupo SBBE Group member,6/1/2026,Contact Import,SP,Masculino,Graduação,Universidade Estadual de Campinas
Gustavo Maruyama Mori,gustavo.mori@unesp.br,Profissional;Grupo SBBE Group member,6/1/2026,Contact Import,SP,Masculino,Profissional,Universidade Estadual de Campinas
Isabel Aparecida da Silva Bonatelli,ias.bonatelli@unifesp.br,Profissional;Grupo SBBE Group member,6/1/2026,Site Members,SP,Feminino,Profissional,Universidade Federal de São Paulo
Loreta Brandão de Freitas,loreta.freitas@ufrgs.br,Profissional;Grupo SBBE Group member,6/1/2026,Site Members,RS,Feminino,Profissional,Universidade Federal do Rio Grande do Sul
Luana Barbosa Carvalho Nara,luana.nara@gmail.com,Pos-Graduacao;Grupo SBBE Group member,6/1/2026,Site Members,SP,Feminino,Pós-Graduação,Universidade Estadual de Campinas
Marcia Holsbach Beltrame,marcia.beltrame@ufrgs.br,Profissional;Grupo SBBE Group member,6/1/2026,Contact Import,RS,Feminino,Profissional,Universidade Federal do Rio Grande do Sul
Matheus M. A. Salles,matheusm.salles@hotmail.com,Pos-Graduacao;Grupo SBBE Group member,6/1/2026,Contact Import,PR,Masculino,Pós-Graduação,Universidade Federal do Paraná
Mayara Pereira Neves,mayara-nevesbio@hotmail.com,Pos-Graduacao;Grupo SBBE Group member,6/1/2026,Contact Import,Exterior,Feminino,Pós-Graduação,Rice University
Pedro L. Godoy,pedrolorenagodoy@gmail.com,Profissional;Grupo SBBE Group member,6/1/2026,Contact Import,SP,Masculino,Profissional,Universidade de São Paulo
Andreia Carina Turchetto Zolet,aturchetto@gmail.com,Profissional;Grupo SBBE Group member,5/1/2026,Contact Import,RS,Feminino,Profissional,Universidade Federal do Rio Grande do Sul
Arquimedes Paixao de Santana Filho,santana@ufpr.br,Profissional;Grupo SBBE Group member,5/1/2026,Contact Import,PR,Masculino,Profissional,Universidade Federal do Paraná
Cristina Yumi Miyaki,cymiyaki@ib.usp.br,Profissional;Grupo SBBE Group member,5/1/2026,Contact Import,SP,Feminino,Profissional,Universidade de São Paulo
Emilio de Lanna Neto,emiliolanna@gmail.com,Profissional;Grupo SBBE Group member,5/1/2026,Contact Import,BA,Masculino,Profissional,Universidade Federal da Bahia
Fernanda S. Caron,fernandadesouzacaron@gmail.com,Pos-Graduacao;Grupo SBBE Group member,5/1/2026,Site Members,PR,Feminino,Pós-Graduação,Universidade Federal do Paraná
Fernando Araujo Perini,faperini@ufmg.br,Profissional;Grupo SBBE Group member,5/1/2026,Site Members,MG,Masculino,Profissional,Universidade Federal de Minas Gerais
Lilian Gimenes Giugliano,liliangiu@unb.br,Profissional;Grupo SBBE Group member,5/1/2026,Contact Import,DF,Feminino,Profissional,Universidade de Brasília
Lucas Bleicher,lbleicher@gmail.com,Profissional;Grupo SBBE Group member,5/1/2026,Contact Import,MG,Masculino,Profissional,Universidade Federal de Minas Gerais
Mariana Fonseca Rossi,mfonsecarossi@gmail.com,Profissional;Grupo SBBE Group member,5/1/2026,Contact Import,MG,Feminino,Profissional,Universidade Federal de Juiz de Fora
Nicolle Souza Leto,letonicolle@gmail.com,Pos-Graduacao;Grupo SBBE Group member,5/1/2026,Contact Import,SP,Feminino,Pós-Graduação,Universidade Estadual de Campinas
Renan Maestri,renanmaestri@gmail.com,Profissional;Grupo SBBE Group member,5/1/2026,Contact Import,RS,Masculino,Profissional,Universidade Federal do Rio Grande do Sul
Thais Helena Condez,thacondez@gmail.com,Profissional;Grupo SBBE Group member,5/1/2026,Contact Import,SP,Feminino,Profissional,Instituto Nacional da Mata Atlântica
Vera Nisaka Solferini,veras@unicamp.br,Profissional;Grupo SBBE Group member,5/1/2026,Contact Import,SP,Feminino,Profissional,Universidade Estadual de Campinas
Gabriela Ferreira Mota,motafgabriela@gmail.com,Graduacao;Grupo SBBE Group member,4/1/2026,Contact Import,RJ,Feminino,Graduação,Universidade Federal do Rio de Janeiro
Mariana Freitas Nery,mariananery@gmail.com,Profissional;Grupo SBBE Group member,3/1/2026,Contact Import,SP,Feminino,Profissional,Universidade Estadual de Campinas
Rafael F. Barduzzi,rfbarduzzi@gmail.com,Pos-Graduacao;Grupo SBBE Group member,3/1/2026,Contact Import,SP,Masculino,Pós-Graduação,Universidade de São Paulo
Beatriz Mello Carvalho,biaumello@gmail.com,Profissional;Grupo SBBE Group member,2/1/2026,Contact Import,RJ,Feminino,Profissional,Universidade Federal do Rio de Janeiro
Breno Michelon Seixas,breno.mseixas@usp.br,Graduacao;Grupo SBBE Group member,2/1/2026,Contact Import,SP,Masculino,Graduação,Universidade de São Paulo
Danillo Cristian Feitosa-Santos,danilocrisfs@gmail.com,Pos-Graduacao;Grupo SBBE Group member,2/1/2026,Contact Import,MG,Masculino,Pós-Graduação,Universidade de São Paulo
Davi Monteiro Nunes,davimontnunes@gmail.com,Graduacao;Grupo SBBE Group member,2/1/2026,Contact Import,SP,Masculino,Graduação,Universidade de São Paulo
Desirre Alexia Lourenco Petters Vandresen,desirre.petters@gmail.com,Profissional;Grupo SBBE Group member,2/1/2026,Contact Import,PR,Feminino,Profissional,Universidade Federal do Paraná
Diogo Provete Borges Provete,dbprovete@gmail.com,Profissional;Grupo SBBE Group member,2/1/2026,Contact Import,MS,Masculino,Profissional,Universidade Federal de Mato Grosso do Sul
Edilson Divino de Araujo,edaraujoufs@gmail.com,Custom Signup Form;Profissional,2/1/2026,Site Members,SE,Masculino,Profissional,Universidade Federal de Sergipe
George Pacheco,george.pacheco@ibv.uio.no,Pos-Graduacao;Grupo SBBE Group member,2/1/2026,Contact Import,Exterior,Masculino,Pós-Graduação,University of Oslo
Jean Carlo Pedroso de Oliveira,pedrosojco@gmail.com,Pos-Graduacao;Grupo SBBE Group member,2/1/2026,Contact Import,MG,Masculino,Pós-Graduação,Pontifícia Universidade Católica de Minas Gerais
Lucas Rocha,lucasrocha700@gmail.com,Graduacao;Grupo SBBE Group member,2/1/2026,Contact Import,RJ,Masculino,Graduação,Universidade Federal do Rio de Janeiro
Giovana Sequinel Correa,giovanasequinel@gmail.com,Pos-Graduacao;Grupo SBBE Group member,1/1/2026,Site Members,PR,Feminino,Pós-Graduação,Universidade Estadual de Ponta Grossa
Iderval da Silva Junior Sobrinho,iderval_jr@yahoo.com,Profissional;Grupo SBBE Group member,1/1/2026,Contact Import,GO,Masculino,Profissional,Universidade Federal de Jataí
Patricia Sanae Sujii,sujiips@gmail.com,Pos-Graduacao;Grupo SBBE Group member,30/12/2025,Contact Import,MG,Feminino,Pós-Graduação,Universidade Federal de Minas Gerais
Gabriel Neves Cardoso Coelho,mmgmlapingab3@gmail.com,Graduacao;Grupo SBBE Group member,29/12/2025,Site Members,SP,Masculino,Graduação,Universidade de São Paulo
Izeni Pires Farias,izeni@evoamazon.net,Profissional;Grupo SBBE Group member,28/12/2025,Site Members,AM,Feminino,Profissional,Universidade Federal do Amazonas
Mariana Franciscão Costa,franciscao.mariana@gmail.com,Pos-Graduacao;Grupo SBBE Group member,26/12/2025,Site Members,SP,Feminino,Pós-Graduação,Universidade de São Paulo
Maria Alves Napolitani,napolitanima@gmail.com,Profissional;Grupo SBBE Group member,24/12/2025,Contact Import,RJ,Feminino,Profissional,Universidade Federal do Rio de Janeiro
Vitória Escóssio Gutiérrez,vitoriaescossio@gmail.com,Graduacao;Grupo SBBE Group member,20/12/2025,Site Members,SP,Feminino,Graduação,Universidade de São Paulo
Arthur Tonietto Mangini,arthurttmm@gmail.com,Graduacao;Grupo SBBE Group member,19/12/2025,Site Members,RS,Masculino,Graduação,Universidade Federal do Rio Grande do Sul
Júnior Nadaline,jr.nadaline@gmail.com,Pos-Graduacao;Grupo SBBE Group member,18/12/2025,Site Members,PR,Masculino,Pós-Graduação,Universidade Federal do Paraná
Nicole Isabelle Stocco,nicole.ufpr@gmail.com,Pos-Graduacao;Grupo SBBE Group member,18/12/2025,Site Members,PR,Feminino,Pós-Graduação,Universidade Federal do Paraná
Alessandra Pavan Lamarca da Silva,pavanlamarca@gmail.com,Profissional;Grupo SBBE Group member,17/12/2025,Site Members,RJ,Feminino,Profissional,Universidade Federal do Rio de Janeiro
Beatriz Helena Macari Daros,beatrizdarosbio@gmail.com,Pos-Graduacao;Grupo SBBE Group member,17/12/2025,Site Members,SP,Feminino,Pós-Graduação,Universidade Estadual de Campinas
Carlos Daniel Assis dos Santos,danielassis6148@gmail.com,Pos-Graduacao;Grupo SBBE Group member,17/12/2025,Site Members,SP,Masculino,Pós-Graduação,Universidade de São Paulo
Gabriela Karam Gama,gabrielagama@usp.br,Graduacao;Grupo SBBE Group member,17/12/2025,Site Members,SP,Feminino,Graduação,Universidade de São Paulo
Maria Eduarda de Souza Ribas,mdesouzaribas@gmail.com,Graduacao;Grupo SBBE Group member,17/12/2025,Site Members,SC,Feminino,Graduação,Universidade Federal de Santa Catarina
Juliana Andrade de Almeida,ufmg.juliana@gmail.com,Graduacao;Grupo SBBE Group member,16/12/2025,Site Members,MG,Feminino,Graduação,Universidade do Estado de Minas Gerais
Marcella Gonçalves Santos,mgsantosbio@gmail.com,Profissional;Grupo SBBE Group member,16/12/2025,Site Members,Exterior,Feminino,Profissional,Southwestern Oklahoma State University
Renan Janke Bosque,renan.janke@gmail.com,Profissional;Grupo SBBE Group member,16/12/2025,Site Members,Exterior,Masculino,Profissional,Southwestern Oklahoma State University
Sergio Maia Queiroz Lima,sergio.lima@ufrn.br,Profissional;Grupo SBBE Group member,16/12/2025,Site Members,RN,Masculino,Profissional,Universidade Federal do Rio Grande do Norte
Vitor Emidio de Mendonça,emidio.vm@gmail.com,Pos-Graduacao;Grupo SBBE Group member,16/12/2025,Site Members,MG,Masculino,Pós-Graduação,Universidade do Estado de Minas Gerais
Lucas Ferreira do Nascimento,nascimento.flucas@gmail.com,Profissional;Grupo SBBE Group member,15/12/2025,Site Members,SP,Masculino,Profissional,Universidade de São Paulo
Maria Pauli,maria.pauli@usp.br,Pos-Graduacao;Grupo SBBE Group member,15/12/2025,Site Members,SP,Outro,Pós-Graduação,Universidade de São Paulo
Aline Vieira,vieiraaline97@gmail.com,Pos-Graduacao;Grupo SBBE Group member,,Site Members,SP,Feminino,Pós-Graduação,Universidade Estadual de Campinas
Amanda Varago,amandavarago021@gmail.com,Pos-Graduacao;Grupo SBBE Group member,,Site Members,PR,Feminino,Pós-Graduação,Universidade Federal do Paraná
Ana Luísa Endler de Oliveira,oliveira.ana245@gmail.com,Pos-Graduacao;Grupo SBBE Group member,,Site Members,SC,Feminino,Pós-Graduação,Universidade Federal de Santa Catarina
Anieli Guirro Pereira,anieligpereira@gmail.com,Profissional;Grupo SBBE Group member,,Site Members,SP,Feminino,Profissional,Universidade de São Paulo
Arthur Garcia Ramires,arthurgarcia.ramires@gmail.com,Graduacao;Grupo SBBE Group member,,Site Members,SP,Masculino,Graduação,Universidade de São Paulo
Bárbara Santos Teixeira Costa,barbarasantostcosta@gmail.com,Pos-Graduacao;Grupo SBBE Group member,,Site Members,SP,Feminino,Pós-Graduação,Universidade de São Paulo
Beatriz Brito,beatrizbiologia2017@gmail.com,Pos-Graduacao;Grupo SBBE Group member,,Site Members,BA,Feminino,Pós-Graduação,Universidade Federal da Bahia
Beatriz Lucas Arida,beatriz.arida@gmail.com,Pos-Graduacao;Grupo SBBE Group member,,Site Members,SP,Feminino,Graduação,Universidade Estadual de Campinas
Bruno Vilela de Moraes e Silva,bvilela.bv@gmail.com,Profissional;Grupo SBBE Group member,,Site Members,BA,Masculino,Profissional,Universidade Federal da Bahia
Caio Ambrosio Leal Dutra,caioboss@gmail.com,Profissional;Grupo SBBE Group member,,Site Members,MG,Masculino,Profissional,Universidade Federal de Minas Gerais
Caio Barroso,caiobarroso212@gmail.com,Graduacao;Grupo SBBE Group member,,Site Members,MS,Masculino,Graduação,Universidade Federal de Mato Grosso do Sul
Camila Mazzoni,mazzoni@izw-berlin.de,Profissional;Grupo SBBE Group member,,Site Members,Exterior,Feminino,Profissional,Leibniz Institute for Zoo and Wildlife Research
Camilla Brückmann de Mattos,camilla.bruckmann@ufrgs.br,Graduacao;Grupo SBBE Group member,,Site Members,RS,Feminino,Graduação,Universidade Federal do Rio Grande do Sul
Carina Oliveira Santos,carinacris512@gmail.com,Graduacao;Grupo SBBE Group member,,Site Members,BA,Feminino,Graduação,Universidade Federal da Bahia
Carlos Augusto Trusz,carlos.trusz@gmail.com,Pos-Graduacao;Grupo SBBE Group member,,Site Members,SP,Masculino,Pós-Graduação,Universidade de São Paulo
Caroline Garcia,caroline.garcia@uesb.edu.br,Profissional;Grupo SBBE Group member,,Site Members,BA,Feminino,Profissional,Universidade Estadual do Sudoeste da Bahia
Cássio van den Berg,vcassio@gmail.com,Profissional;Grupo SBBE Group member,,Site Members,BA,Masculino,Profissional,Universidade Estadual de Feira de Santana
Deivid Almeida,dajesus.deivid.09@gmail.com,Pos-Graduacao;Grupo SBBE Group member,,Site Members,RJ,Masculino,Pós-Graduação,Universidade Federal do Rio de Janeiro
Edenilson Osinski Franscisco,of.edenilson@gmail.com,Graduacao;Grupo SBBE Group member,,Site Members,SP,Masculino,Graduação,Universidade Estadual Paulista
Enzo Frediani,enzofrediani@usp.br,Graduacao;Grupo SBBE Group member,,Site Members,SP,Masculino,Graduação,Universidade de São Paulo
Felipe José Paiva Batista,falipepb555@gmail.com,Pos-Graduacao;Grupo SBBE Group member,,Site Members,PR,Masculino,Pós-Graduação,Universidade Federal do Paraná
Felipe Kanaan Ramos,felipe.kanaan@unifesp.br,Graduacao;Grupo SBBE Group member,,Site Members,SP,Masculino,Graduação,Universidade Federal de São Paulo
Fernanda de Pinho Werneck,fewerneck@gmail.com,Profissional;Grupo SBBE Group member,,Site Members,AM,Feminino,Profissional,Instituto Nacional de Pesquisas da Amazônia
Francisco de Menezes Cavalcante Sassi,francisco.sassi@hotmail.com,Profissional;Grupo SBBE Group member,,Site Members,Exterior,Masculino,Profissional,Southwest University
Gabriel Nakamura de Souza,gabriel.nakamura.souza@gmail.com,Profissional;Grupo SBBE Group member,,Site Members,MG,Masculino,Profissional,Universidade Federal de Minas Gerais
Gabriel Santos Gomes Sarmento,belsgss@gmail.com,Graduacao;Grupo SBBE Group member,,Site Members,DF,Masculino,Graduação,Universidade de Brasília
Gabriela Haddad,gabimh3181@gmail.com,Pos-Graduacao;Grupo SBBE Group member,,Site Members,RJ,Feminino,Pós-Graduação,Universidade Federal do Rio de Janeiro
Giovanna Selleghin Veiga,giovanna.slvg@gmail.com,Pos-Graduacao;Grupo SBBE Group member,,Site Members,SP,Feminino,Pós-Graduação,Universidade Estadual de Campinas
Gustavo Burin Ferreira,arietebio@gmail.com,Profissional;Grupo SBBE Group member,,Site Members,Exterior,Masculino,Profissional,University of Gothenburg
Henrique José de Oliveira,henrique.bio22@gmail.com,Pos-Graduacao;Grupo SBBE Group member,,Site Members,MG,Masculino,Pós-Graduação,Universidade Federal de Juiz de Fora
Igor Carreiro Ramalho,igorcarreiro.ramalho@estudante.ufjf.br,Pos-Graduacao;Grupo SBBE Group member,,Site Members,MG,Masculino,Pós-Graduação,Universidade Federal de Juiz de Fora
Igor Cavalcanti de Araújo Souto-Santos,icass.ufrj@gmail.com,Pos-Graduacao;Grupo SBBE Group member,,Site Members,RJ,Masculino,Pós-Graduação,Museu Nacional
Isa Eloá,isaeloa011203@gmail.com,Graduacao;Grupo SBBE Group member,,Site Members,SP,Feminino,Graduação,Universidade Estadual de Campinas
Isabelli Seiler de Medeiros Mendes,isabellidog8@gmail.com,Graduacao;Grupo SBBE Group member,,Site Members,RS,Feminino,Graduação,Universidade Federal do Rio Grande do Sul
Ivan Burko,burkomivan@gmail.com,Graduacao;Grupo SBBE Group member,,Site Members,PR,Masculino,Graduação,Universidade Estadual de Ponta Grossa
James Lucas da Costa Lima,james.lima@ufersa.edu.br,Profissional;Grupo SBBE Group member,,Site Members,RN,Masculino,Profissional,Universidade Federal Rural do Semi-Árido
Jamile Bubadué,jamilebubadue@gmail.com,Profissional;Grupo SBBE Group member,,Site Members,RJ,Feminino,Profissional,Universidade Estadual do Norte Fluminense
José Eduardo Gomes de Oliveira,zezinho20052005@gmail.com,Graduacao;Grupo SBBE Group member,,Site Members,RN,Masculino,Graduação,Universidade Federal do Rio Grande do Norte
Josival Francisco Araújo,araujojosi.f@gmail.com,Pos-Graduacao;Grupo SBBE Group member,,Site Members,PA,Masculino,Pós-Graduação,Universidade Federal do Pará
Júlia Sofia Neves de Sousa,julia.nsousa@ufpe.br,Pos-Graduacao;Grupo SBBE Group member,,Site Members,PE,Feminino,Pós-Graduação,Universidade Federal de Pernambuco
Karla Suemy Clemente Yotoko,karla@ufv.br,Profissional;Grupo SBBE Group member,,Site Members,MG,Feminino,Profissional,Universidade Federal de Viçosa
Laura Laino,laura.costa231@gmail.com,Pos-Graduacao;Grupo SBBE Group member,,Site Members,PR,Feminino,Pós-Graduação,Universidade Federal do Paraná
Laura Oliveira,lausdeoliveira@usp.br,Pos-Graduacao;Grupo SBBE Group member,,Site Members,SP,Feminino,Pós-Graduação,Universidade de São Paulo
Leandro de Oliveira Costa,leandrocosta@ceso.edu.br,Profissional;Grupo SBBE Group member,,Site Members,RJ,Masculino,Profissional,Centro Universitário Serra dos Órgãos
Livia Zanuzzi Barroso,lz.barroso@unesp.br,Pos-Graduacao;Grupo SBBE Group member,,Site Members,SP,Feminino,Pós-Graduação,Universidade Estadual Paulista
Lorenzo Chaves Costa Novo,lorenzoccn@gmail.com,Graduacao;Grupo SBBE Group member,,Site Members,RS,Masculino,Graduação,Universidade Federal do Rio Grande do Sul
Lucas Camacho,lucas.camacho@usp.br,Pos-Graduacao;Grupo SBBE Group member,,Site Members,SP,Masculino,Pós-Graduação,Universidade de São Paulo
Lucas Nathan de Souza Nunes,lucas.nathan@unesp.br,Pos-Graduacao;Grupo SBBE Group member,,Site Members,SP,Masculino,Pós-Graduação,Universidade Estadual Paulista
Lucas Politchuk Medeiros dos Santos,lucaspolitchuk@usp.br,Graduacao;Grupo SBBE Group member,,Site Members,SP,Masculino,Graduação,Universidade de São Paulo
Lucas Vieira Lima,lucaslima1618@gmail.com,Pos-Graduacao;Grupo SBBE Group member,,Site Members,MG,Masculino,Pós-Graduação,Instituto Federal — do Sul de Minas
Luddy Searom,luddysearom@gmail.com,Pos-Graduacao;Grupo SBBE Group member,,Site Members,PR,Masculino,Pós-Graduação,Universidade Federal do Paraná
Luís Gustavo da Conceição Galego,luis.galego@uftm.edu.br,Profissional;Grupo SBBE Group member,,Site Members,MG,Masculino,Profissional,Universidade Federal do Triângulo Mineiro
Luiza Kittel-Chiká,luizakittel@gmail.com,Graduacao;Grupo SBBE Group member,,Site Members,SC,Feminino,Graduação,Universidade Federal de Santa Catarina
Luna Devos,lunavdevos@gmail.com,Graduacao;Grupo SBBE Group member,,Site Members,SC,Feminino,Graduação,Universidade Federal de Santa Catarina
Manuella Cardoso Teixeira,manuella.mhc2@gmail.com,Graduacao;Grupo SBBE Group member,,Site Members,SC,Feminino,Graduação,Universidade Federal de Santa Catarina
Marcela Cantarin Roncada,marcela.roncada@gmail.com,Graduacao;Grupo SBBE Group member,,Site Members,MS,Feminino,Graduação,Universidade Federal de Mato Grosso do Sul
Mariana Polli,marianapolli12@gmail.com,Graduacao;Grupo SBBE Group member,,Site Members,PR,Feminino,Graduação,Universidade Federal do Paraná
Mario de Pinna,pinna@ib.usp.br,Profissional;Grupo SBBE Group member,,Site Members,SP,Masculino,Profissional,Universidade de São Paulo
Mateus Ferreira,mateus.ferreira@ufrr.br,Profissional;Grupo SBBE Group member,,Site Members,RR,Masculino,Profissional,Universidade Federal de Roraima
Maximiliano Manuel Maronna,maxmaronna@gmail.com,Profissional;Grupo SBBE Group member,,Site Members,RS,Masculino,Profissional,Universidade Federal do Rio Grande do Sul
Mileny Otani de Souza,milenyotani1@gmail.com,Pos-Graduacao;Grupo SBBE Group member,,Site Members,MG,Feminino,Pós-Graduação,Universidade Federal de Viçosa
Paulo Henrique Rangel Schreiner,paulorangelschreiner@gmail.com,Graduacao;Grupo SBBE Group member,,Site Members,RS,Masculino,Graduação,Universidade Federal do Rio Grande do Sul
Pedro Azeredo Couto Tolipan de Oliveira,ptolipan@gmail.com,Profissional;Grupo SBBE Group member,,Site Members,RJ,Masculino,Profissional,Museu Nacional
Rhamon de Castro Malheiro,malheirorhamon@gmail.com,Pos-Graduacao;Grupo SBBE Group member,,Site Members,PR,Masculino,Pós-Graduação,Universidade Federal do Paraná
Samara Santos,samara.santos09470@gmail.com,Pos-Graduacao;Grupo SBBE Group member,,Site Members,SP,Feminino,Pós-Graduação,Universidade de São Paulo
Tiago Silva da Costa,tiago_sc@hotmail.com,Pos-Graduacao;Grupo SBBE Group member,,Site Members,AP,Masculino,Pós-Graduação,Universidade Federal do Amapá
Tomas Hrbek,tomas@evoamazon.net,Profissional;Grupo SBBE Group member,,Site Members,AM,Masculino,Profissional,Universidade Federal do Amazonas
Viviane da Silva Pereira,visilvapereira@gmail.com,Profissional;Grupo SBBE Group member,,Site Members,PR,Feminino,Profissional,Universidade Federal do Paraná
Volnys Bernal,volnys.kenzo@unesp.br,Pos-Graduacao;Grupo SBBE Group member,,Site Members,SP,Masculino,Pós-Graduação,Universidade Estadual Paulista